Nome;Descrição
NU_ANO_CENSO;Ano do Censo
NO_REGIAO;Nome da região geográfica
CO_REGIAO;Código da região geográfica
NO_UF;Nome da Unidade da Federação
SG_UF;Sigla da Unidade da Federação
CO_UF;Código da UF
NO_MUNICIPIO;Nome do Município
CO_MUNICIPIO;Código do Município
NO_MESORREGIAO;Nome da Mesorregião
CO_MESORREGIAO;Código da Mesorregião
NO_MICRORREGIAO;Nome da Microrregião
CO_MICRORREGIAO;Código da Microrregião
CO_DISTRITO;Código completo do Distrito da escola
CO_ENTIDADE;Código da Escola
NO_ENTIDADE;Nome da Escola
TP_DEPENDENCIA;Dependência Administrativa
TP_CATEGORIA_ESCOLA_PRIVADA;Categoria da escola privada
TP_LOCALIZACAO;Localização
TP_LOCALIZACAO_DIFERENCIADA;Localização diferenciada da escola
DS_ENDERECO;Endereço
NU_ENDERECO;Número
DS_COMPLEMENTO;Complemento
NO_BAIRRO;Bairro
CO_CEP;CEP
NU_DDD;DDD
NU_TELEFONE;Telefone
TP_SITUACAO_FUNCIONAMENTO;Situação de funcionamento
CO_ORGAO_REGIONAL;Código do Órgão Regional de Ensino
DT_ANO_LETIVO_INICIO;Início do ano letivo
DT_ANO_LETIVO_TERMINO;Término (Previsão) do ano letivo
IN_VINCULO_SECRETARIA_EDUCACAO;Órgão que a escola pública está vinculada - Secretaria de Educação/Ministério da Educação
IN_VINCULO_SEGURANCA_PUBLICA;Órgão que a escola pública está vinculada - Secretaria de Segurança Pública/Forças Armadas/Militar
IN_VINCULO_SECRETARIA_SAUDE;Órgão que a escola pública está vinculada - Secretaria de Saúde/Ministério da Saúde
IN_VINCULO_OUTRO_ORGAO;Órgão que a escola pública está vinculada - Outro órgão da administração pública
IN_CONVENIADA_PP;Conveniada com o poder público
TP_CONVENIO_PODER_PUBLICO;Dependência do convênio com o poder público
IN_MANT_ESCOLA_PRIVADA_EMP;Mantenedora da escola privada - Empresa ou grupo empresarial do setor privado ou pessoa física
IN_MANT_ESCOLA_PRIVADA_ONG;Mantenedora da escola privada - Organização não governamental (ONG) - internacional ou nacional
IN_MANT_ESCOLA_PRIVADA_OSCIP;Mantenedora da escola privada - Organização da Sociedade Civil de Interesse Público (Oscip)
IN_MANT_ESCOLA_PRIV_ONG_OSCIP;"Mantenedora da escola privada - Organização não governamental (ONG) - internacional ou nacional.
Organização da Sociedade Civil de Interesse Público (Oscip)"
IN_MANT_ESCOLA_PRIVADA_SIND;Mantenedora da escola privada - Sindicatos de trabalhadores ou patronais, associações e cooperativas
IN_MANT_ESCOLA_PRIVADA_SIST_S;Mantenedora da escola privada - Sistema S (Sesi, Senai, Sesc, Outros)
IN_MANT_ESCOLA_PRIVADA_S_FINS;Mantenedora da escola privada - Instituições sem fins lucrativos
NU_CNPJ_ESCOLA_PRIVADA;Número do CNPJ da escola privada
NU_CNPJ_MANTENEDORA;Número do CNPJ da mantenedora principal da escola privada
TP_REGULAMENTACAO;Regulamentação/Autorização no conselho ou órgão municipal, estadual ou federal de educação
TP_RESPONSAVEL_REGULAMENTACAO;Esfera administrativa do conselho ou órgão responsável pela Regulamentação/Autorização
CO_ESCOLA_SEDE_VINCULADA;Código da escola sede
CO_IES_OFERTANTE;Código da IES vinculada à escola
IN_LOCAL_FUNC_PREDIO_ESCOLAR;Local de funcionamento da escola - Prédio Escolar
TP_OCUPACAO_PREDIO_ESCOLAR;Forma de ocupação do Prédio escolar
IN_LOCAL_FUNC_SALAS_EMPRESA;Local de funcionamento da escola - Salas de empresa
IN_LOCAL_FUNC_SOCIOEDUCATIVO;Local de funcionamento da escola - Unidade de Atendimento socioeducativo
IN_LOCAL_FUNC_UNID_PRISIONAL;Local de funcionamento da escola - Unidade Prisional
IN_LOCAL_FUNC_PRISIONAL_SOCIO;Local de funcionamento da escola - Unidade Prisional ou Unidade de atendimento socioeducativo
IN_LOCAL_FUNC_TEMPLO_IGREJA;Local de funcionamento da escola - Templo/Igreja
IN_LOCAL_FUNC_CASA_PROFESSOR;Local de funcionamento da escola - Casa do professor
IN_LOCAL_FUNC_GALPAO;Local de funcionamento da escola - Galpão/Rancho/Paiol/Barracão
TP_OCUPACAO_GALPAO;Forma de ocupação do Galpão/Rancho/Paiol/Barracão
IN_LOCAL_FUNC_SALAS_OUTRA_ESC;Local de funcionamento da escola - Salas em outra escola
IN_LOCAL_FUNC_OUTROS;Local de funcionamento da escola - Outros
IN_PREDIO_COMPARTILHADO;Prédio compartilhado com outra escola
IN_AGUA_FILTRADA;Água consumida pelos alunos
IN_AGUA_POTAVEL;Fornece água potável para o consumo humano
IN_AGUA_REDE_PUBLICA;Abastecimento de água - Rede pública
IN_AGUA_POCO_ARTESIANO;Abastecimento de água - Poço artesiano
IN_AGUA_CACIMBA;Abastecimento de água - Cacimba/Cisterna/Poço
IN_AGUA_FONTE_RIO;Abastecimento de água - Fonte/Rio/Igarapé/Riacho/Córrego
IN_AGUA_INEXISTENTE;Abastecimento de água - Não há abastecimento de água
IN_ENERGIA_REDE_PUBLICA;Abastecimento de energia elétrica - Rede pública
IN_ENERGIA_GERADOR;Abastecimento de energia elétrica - Gerador
IN_ENERGIA_GERADOR_FOSSIL;Abastecimento de energia elétrica - Gerador movido a combustível fóssil
IN_ENERGIA_OUTROS;Abastecimento de energia elétrica - Outros (Energia alternativa)
IN_ENERGIA_RENOVAVEL;Abastecimento de energia elétrica - Fontes de energia renováveis ou alternativas (gerador a biocombustível e/ou biodigestores, eólica, solar, outras)
IN_ENERGIA_INEXISTENTE;Abastecimento de energia elétrica - Não há energia elétrica
IN_ESGOTO_REDE_PUBLICA;Esgoto sanitário - Rede pública
IN_ESGOTO_FOSSA_SEPTICA;Esgoto sanitário - Fossa Séptica
IN_ESGOTO_FOSSA_COMUM;Esgoto sanitário - Fossa rudimentar/comum
IN_ESGOTO_FOSSA;Esgoto sanitário - Fossa
IN_ESGOTO_INEXISTENTE;Esgoto sanitário - Não há esgotamento sanitário
IN_LIXO_SERVICO_COLETA;Destinação do lixo - Serviço de coleta
IN_LIXO_QUEIMA;Destinação do lixo - Queima
IN_LIXO_ENTERRA;Destinação do lixo - Enterra
IN_LIXO_DESTINO_FINAL_PUBLICO;Destinação do lixo - Leva a uma destinação final financiada pelo poder público
IN_LIXO_DESCARTA_OUTRA_AREA;Destinação do lixo - Descarta em outra área
IN_LIXO_JOGA_OUTRA_AREA;Destinação do lixo - Joga em outra área
IN_LIXO_OUTROS;Destinação do lixo - Outros
IN_LIXO_RECICLA;Tratamento do lixo/resíduos que a escola realiza - Reciclagem
IN_TRATAMENTO_LIXO_SEPARACAO;Tratamento do lixo/resíduos que a escola realiza - Separação do lixo/resíduos
IN_TRATAMENTO_LIXO_REUTILIZA;Tratamento do lixo/resíduos que a escola realiza - Reaproveitamento/reutilização
IN_TRATAMENTO_LIXO_RECICLAGEM;Tratamento do lixo/resíduos que a escola realiza - Reciclagem
IN_TRATAMENTO_LIXO_INEXISTENTE;Tratamento do lixo/resíduos que a escola realiza - Não faz tratamento
IN_ALMOXARIFADO;Dependências físicas existentes e utilizadas na escola - Almoxarifado
IN_AREA_VERDE;Dependências físicas existentes e utilizadas na escola - Área Verde
IN_AUDITORIO;Dependências físicas existentes e utilizadas na escola - Auditório
IN_BANHEIRO_FORA_PREDIO;Dependências físicas existentes e utilizadas na escola - Banheiro fora do prédio
IN_BANHEIRO_DENTRO_PREDIO;Dependências físicas existentes e utilizadas na escola - Banheiro dentro do prédio
IN_BANHEIRO;Dependências físicas existentes e utilizadas na escola - Banheiro 
IN_BANHEIRO_EI;Dependências físicas existentes e utilizadas na escola - Banheiro adequado à educação infantil
IN_BANHEIRO_PNE;Dependências físicas existentes e utilizadas na escola - Banheiro acessível, adequado ao uso de pessoas com deficiência ou mobilidade reduzida
IN_BANHEIRO_FUNCIONARIOS;Dependências físicas existentes e utilizadas na escola - Banheiro exclusivo para os funcionários
IN_BANHEIRO_CHUVEIRO;Dependências físicas existentes e utilizadas na escola - Banheiro ou vestiário com chuveiro
IN_BERCARIO;Dependências físicas existentes e utilizadas na escola - Berçário
IN_BIBLIOTECA;Dependências físicas existentes e utilizadas na escola - Biblioteca
IN_BIBLIOTECA_SALA_LEITURA;Dependências físicas existentes e utilizadas na escola - Biblioteca e/ou Sala de leitura
IN_COZINHA;Dependências físicas existentes e utilizadas na escola - Cozinha
IN_DESPENSA;Dependências físicas existentes e utilizadas na escola - Despensa
IN_DORMITORIO_ALUNO;Dependências físicas existentes e utilizadas na escola - Dormitório de Aluno
IN_DORMITORIO_PROFESSOR;Dependências físicas existentes e utilizadas na escola - Dormitório de professor
IN_LABORATORIO_CIENCIAS;Dependências físicas existentes e utilizadas na escola - Laboratório de ciências
IN_LABORATORIO_INFORMATICA;Dependências físicas existentes e utilizadas na escola - Laboratório de informática
IN_PATIO_COBERTO;Dependências físicas existentes e utilizadas na escola - Pátio Coberto
IN_PATIO_DESCOBERTO;Dependências físicas existentes e utilizadas na escola - Pátio Descoberto
IN_PARQUE_INFANTIL;Dependências físicas existentes e utilizadas na escola - Parque infantil
IN_PISCINA;Dependências físicas existentes e utilizadas na escola - Piscina
IN_QUADRA_ESPORTES;Dependências físicas existentes e utilizadas na escola - Quadra de esportes coberta ou descoberta
IN_QUADRA_ESPORTES_COBERTA;Dependências físicas existentes e utilizadas na escola - Quadra de esportes Coberta
IN_QUADRA_ESPORTES_DESCOBERTA;Dependências físicas existentes e utilizadas na escola - Quadra de esportes Descoberta
IN_REFEITORIO;Dependências físicas existentes e utilizadas na escola - Refeitório
IN_SALA_ATELIE_ARTES;Dependências físicas existentes e utilizadas na escola - Sala/ateliê de artes
IN_SALA_MUSICA_CORAL;Dependências físicas existentes e utilizadas na escola -  Sala de música/coral
IN_SALA_ESTUDIO_DANCA;Dependências físicas existentes e utilizadas na escola - Sala/estúdio de dança
IN_SALA_MULTIUSO;Dependências físicas existentes e utilizadas na escola - Sala multiuso (música, dança e artes)
IN_SALA_DIRETORIA;Dependências físicas existentes e utilizadas na escola - Sala de Diretoria
IN_SALA_LEITURA;Dependências físicas existentes e utilizadas na escola - Sala de Leitura
IN_SALA_PROFESSOR;Dependências físicas existentes e utilizadas na escola - Sala de professores
IN_SALA_REPOUSO_ALUNO;Dependências físicas existentes e utilizadas na escola - Sala de repouso para aluno(a)
IN_SECRETARIA;Dependências físicas existentes e utilizadas na escola - Sala de secretaria
IN_SALA_ATENDIMENTO_ESPECIAL;Dependências físicas existentes e utilizadas na escola - Sala de recursos Multifuncionais para Atendimento Educacional Especializado (AEE)
IN_TERREIRAO;Dependências físicas existentes e utilizadas na escola - Terreirão (área para prática desportiva e recreação sem cobertura, sem piso e sem edificações)
IN_VIVEIRO;Dependências físicas existentes e utilizadas na escola -  Viveiro/criação de animais
IN_DEPENDENCIAS_PNE;Dependências físicas existentes e utilizadas na escola - Dependências e vias adequadas a alunos com deficiência ou mobilidade reduzida
IN_LAVANDERIA;Dependências físicas existentes e utilizadas na escola - Lavanderia
IN_DEPENDENCIAS_OUTRAS;Dependências existentes na escola - Nenhuma das dependências relacionadas
IN_ACESSIBILIDADE_CORRIMAO;Recursos de acessibilidade para pessoas com deficiência ou mobilidade reduzida nas vias de circulação interna na escola - Corrimão e guarda corpos
IN_ACESSIBILIDADE_ELEVADOR;Recursos de acessibilidade para pessoas com deficiência ou mobilidade reduzida nas vias de circulação interna na escola - Elevador
IN_ACESSIBILIDADE_PISOS_TATEIS;Recursos de acessibilidade para pessoas com deficiência ou mobilidade reduzida nas vias de circulação interna na escola - Pisos táteis
IN_ACESSIBILIDADE_VAO_LIVRE;Recursos de acessibilidade para pessoas com deficiência ou mobilidade reduzida nas vias de circulação interna na escola - Portas com vão livre de no mínimo 80 cm
IN_ACESSIBILIDADE_RAMPAS;Recursos de acessibilidade para pessoas com deficiência ou mobilidade reduzida nas vias de circulação interna na escola - Rampas
IN_ACESSIBILIDADE_SINAL_SONORO;Recursos de acessibilidade para pessoas com deficiência ou mobilidade reduzida nas vias de circulação interna na escola - Sinalização sonora
IN_ACESSIBILIDADE_SINAL_TATIL;Recursos de acessibilidade para pessoas com deficiência ou mobilidade reduzida nas vias de circulação interna na escola - Sinalização tátil (piso/paredes)
IN_ACESSIBILIDADE_SINAL_VISUAL;Recursos de acessibilidade para pessoas com deficiência ou mobilidade reduzida nas vias de circulação interna na escola - Sinalização visual (piso/paredes)
IN_ACESSIBILIDADE_INEXISTENTE;Recursos de acessibilidade para pessoas com deficiência ou mobilidade reduzida nas vias de circulação interna na escola - Nenhum dos recursos de acessibilidade listados
QT_SALAS_EXISTENTES;Número de salas de aula existentes na escola
QT_SALAS_UTILIZADAS_DENTRO;Número de salas de aula utilizadas na escola - Dentro do prédio
QT_SALAS_UTILIZADAS_FORA;Número de salas de aula utilizadas na escola - Fora do prédio
QT_SALAS_UTILIZADAS;Número de salas de aula utilizadas na escola (dentro e fora do prédio)
QT_SALAS_UTILIZA_CLIMATIZADAS;Condições das salas de aula utilizadas na escola (dentro e fora do prédio escolar) - Número de salas de aula climatizadas
QT_SALAS_UTILIZADAS_ACESSIVEIS;Condições das salas de aula utilizadas na escola (dentro e fora do prédio escolar) - Número de salas de aula com acessibilidade para pessoas com deficiência ou mobilidade reduzida
IN_EQUIP_PARABOLICA;Equipamentos existentes na escola para uso técnico e administrativo - Antena parabólica
IN_COMPUTADOR;Equipamentos existentes na escola para uso técnico e administrativo - Computador
IN_EQUIP_COPIADORA;Equipamentos existentes na escola para uso técnico e administrativo - Copiadora
IN_EQUIP_IMPRESSORA;Equipamentos existentes na escola para uso técnico e administrativo - Impressora
IN_EQUIP_IMPRESSORA_MULT;Equipamentos existentes na escola para uso técnico e administrativo - Impressora Multifuncional
IN_EQUIP_SCANNER;Equipamentos existentes na escola para uso técnico e administrativo - Scanner
IN_EQUIP_NENHUM;Nenhum dos equipamentos listados para uso técnico e administrativo - Antena parabólica, Computador, Copiadora, Impressora, Impressora Multifuncional ou Scanner
IN_EQUIP_DVD;Equipamentos existentes na escola para o processo ensino aprendizagem - DVD/Blu-ray
QT_EQUIP_DVD;Quantidade de Aparelhos de DVD/Blu-ray
IN_EQUIP_SOM;Equipamentos existentes na escola para o processo ensino aprendizagem - Aparelho de som
QT_EQUIP_SOM;Quantidade de Aparelhos de som
IN_EQUIP_TV;Equipamentos existentes na escola para o processo ensino aprendizagem - Aparelho de televisão
QT_EQUIP_TV;Quantidade de Aparelhos de televisão
IN_EQUIP_LOUSA_DIGITAL;Equipamentos existentes na escola para o processo ensino aprendizagem - Lousa digital
QT_EQUIP_LOUSA_DIGITAL;Quantidade de Lousas digitais
IN_EQUIP_MULTIMIDIA;Equipamentos existentes na escola para o processo ensino aprendizagem - Projetor Multimídia (Datashow)
QT_EQUIP_MULTIMIDIA;Quantidade de Projetores Multimídia (Datashow)
IN_EQUIP_VIDEOCASSETE;Equipamentos existentes na escola - Videocassete
IN_EQUIP_RETROPROJETOR;Equipamentos existentes na escola - Retroprojetor
IN_EQUIP_FAX;Equipamentos existentes na escola - Fax
IN_EQUIP_FOTO;Equipamentos existentes na escola - Máquina fotográfica/Filmadora
QT_EQUIP_VIDEOCASSETE;Quantidade de Videocassetes
QT_EQUIP_PARABOLICA;Quantidade de Antenas parabólicas
QT_EQUIP_COPIADORA;Quantidade de Copiadoras
QT_EQUIP_RETROPROJETOR;Quantidade de Retroprojetores
QT_EQUIP_IMPRESSORA;Quantidade de Impressoras
QT_EQUIP_IMPRESSORA_MULT;Quantidade de Impressoras Multifuncionais
QT_EQUIP_FAX;Quantidade de Fax
QT_EQUIP_FOTO;Quantidade de Máquinas Fotográficas/ Filmadoras
QT_COMP_ALUNO;Quantidade de computadores em uso pelos alunos
IN_DESKTOP_ALUNO;Computadores em uso pelos alunos - Computador de mesa (desktop)
QT_DESKTOP_ALUNO;Quantidade de computadores em uso pelos alunos - Computador de mesa (desktop)
IN_COMP_PORTATIL_ALUNO;Computadores em uso pelos alunos - Computador portátil
QT_COMP_PORTATIL_ALUNO;Quantidade de computadores em uso pelos alunos - Computador portátil
IN_TABLET_ALUNO;Computadores em uso pelos alunos - Tablet
QT_TABLET_ALUNO;Quantidade de computadores em uso pelos alunos - Tablet
QT_COMPUTADOR;Quantidade de computadores na escola
QT_COMP_ADMINISTRATIVO;Quantidade de computadores de uso administrativo
IN_INTERNET;Acesso à Internet
IN_INTERNET_ALUNOS;Acesso à Internet - Para uso dos alunos
IN_INTERNET_ADMINISTRATIVO;Acesso à Internet - Para uso administrativo
IN_INTERNET_APRENDIZAGEM;Acesso à Internet - Para uso nos processos de ensino e aprendizagem
IN_INTERNET_COMUNIDADE;Acesso à Internet - Para uso da comunidade
IN_ACESSO_INTERNET_COMPUTADOR;Equipamentos que os alunos usam para acessar a internet da escola - Computadores de mesa, portáteis e tablets da escola (no laboratório de informática, biblioteca, sala de aula, etc.)
IN_ACES_INTERNET_DISP_PESSOAIS;Equipamentos que os alunos usam para acessar a internet da escola - Dispositivos pessoais (computadores portáteis, celulares, tablets, etc.)
TP_REDE_LOCAL;Rede local de interligação de computadores
IN_BANDA_LARGA;Internet Banda Larga
QT_FUNCIONARIOS;Total de funcionários da escola (inclusive profissionais escolares em sala de aula)
IN_PROF_ADMINISTRATIVOS;Profissionais que atuam na escola - Auxiliares de secretaria ou auxiliares administrativos, atendentes
QT_PROF_ADMINISTRATIVOS;Quantidade de profissionais que atuam na escola - Auxiliares de secretaria ou auxiliares administrativos, atendentes
IN_PROF_SERVICOS_GERAIS;Profissionais que atuam na escola - Auxiliar de serviços gerais, porteiro(a), zelador(a), faxineiro(a), horticultor(a), jardineiro(a)
QT_PROF_SERVICOS_GERAIS;Quantidade de profissionais que atuam na escola - Auxiliar de serviços gerais, porteiro(a), zelador(a), faxineiro(a), horticultor(a), jardineiro(a)
IN_PROF_BIBLIOTECARIO;Profissionais que atuam na escola - Bibliotecário(a), auxiliar de biblioteca ou monitor(a) da sala de leitura
QT_PROF_BIBLIOTECARIO;Quantidade de profissionais que atuam na escola - Bibliotecário(a), auxiliar de biblioteca ou monitor(a) da sala de leitura
IN_PROF_SAUDE;Profissionais que atuam na escola - Bombeiro(a) brigadista, profissionais de assistência à saúde (urgência e emergência), Enfermeiro(a), Técnico(a) de enfermagem e socorrista
QT_PROF_SAUDE;Quantidade de profissionais que atuam na escola - Bombeiro(a) brigadista, profissionais de assistência à saúde (urgência e emergência), Enfermeiro(a), Técnico(a) de enfermagem e socorrista
IN_PROF_COORDENADOR;Profissionais que atuam na escola - Coordenador(a) de turno/disciplina
QT_PROF_COORDENADOR;Quantidade de profissionais que atuam na escola - Coordenador(a) de turno/disciplina
IN_PROF_FONAUDIOLOGO;Profissionais que atuam na escola - Fonoaudiólogo(a)
QT_PROF_FONAUDIOLOGO;Quantidade de profissionais que atuam na escola - Fonoaudiólogo(a)
IN_PROF_NUTRICIONISTA;Profissionais que atuam na escola - Nutricionista
QT_PROF_NUTRICIONISTA;Quantidade de profissionais que atuam na escola - Nutricionista
IN_PROF_PSICOLOGO;Profissionais que atuam na escola - Psicólogo(a) Escolar
QT_PROF_PSICOLOGO;Quantidade de profissionais que atuam na escola - Psicólogo(a) Escolar
IN_PROF_ALIMENTACAO;Profissionais que atuam na escola - Profissionais de preparação e segurança alimentar, cozinheiro(a), merendeiro(a) e auxiliar de cozinha
QT_PROF_ALIMENTACAO;Quantidade de profissionais que atuam na escola -  Profissionais de preparação e segurança alimentar, cozinheiro(a), merendeira e auxiliar de cozinha
IN_PROF_PEDAGOGIA;Profissionais que atuam na escola -  Profissionais de apoio e supervisão pedagógica: pedagogo(a), coordenador(a) pedagógico(a), orientador(a) educacional, supervisor(a) escolar e coordenador(a) de área de ensino
QT_PROF_PEDAGOGIA;Quantidade de profissionais que atuam na escola -  Profissionais de apoio e supervisão pedagógica: pedagogo(a), coordenador(a) pedagógico(a), orientador(a) educacional, supervisor(a) escolar e coordenador(a) de área de ensino
IN_PROF_SECRETARIO;Profissionais que atuam na escola - Secretário(a) escolar
QT_PROF_SECRETARIO;Quantidade de profissionais que atuam na escola - Secretário(a) escolar
IN_PROF_SEGURANCA;Profissionais que atuam na escola - Seguranças, guarda ou segurança patrimonial
QT_PROF_SEGURANCA;Quantidade de profissionais que atuam na escola - Seguranças, guarda ou segurança patrimonial
IN_PROF_MONITORES;Profissionais que atuam na escola - Técnicos(as), monitores(as), supervisores(as) ou auxiliares de laboratório(s), de apoio a tecnologias educacionais ou em multimeios/multimídias eletrônico/digitais
QT_PROF_MONITORES;Quantidade de profissionais que atuam na escola - Técnicos(as), monitores(as), supervisores(as) ou auxiliares de laboratório(s), de apoio a tecnologias educacionais ou em multimeios/multimídias eletrônico/digitais
IN_PROF_GESTAO;Profissionais que atuam na escola - Vice-diretor(a) ou diretor(a) adjunto(a), profissionais responsáveis pela gestão administrativa e/ou financeira
QT_PROF_GESTAO;Quantidade de profissionais que atuam na escola - Vice-diretor(a) ou diretor(a) adjunto(a), profissionais responsáveis pela gestão administrativa e/ou financeira
IN_PROF_ASSIST_SOCIAL;Profissionais que atuam na escola - Orientador(a) comunitário(a) ou assistente social
QT_PROF_ASSIST_SOCIAL;Quantidade de profissionais que atuam na escola - Orientador(a) comunitário(a) ou assistente social
IN_ALIMENTACAO;Alimentação escolar para os alunos - PNAE/FNDE
IN_SERIE_ANO;Forma de organização do ensino - Série/Ano (séries anuais)
IN_PERIODOS_SEMESTRAIS;Forma de organização do ensino -  Períodos semestrais
IN_FUNDAMENTAL_CICLOS;Forma de organização do ensino - Ciclo(s) do Ensino Fundamental
IN_GRUPOS_NAO_SERIADOS;Forma de organização do ensino - Grupos não-seriados com base na idade ou competência (art. 23 LDB)
IN_MODULOS;Forma de organização do ensino - Módulos
IN_FORMACAO_ALTERNANCIA;Forma de organização do ensino - Alternância regular de períodos de estudos (proposta pedagógica de formação por alternância com tempo-escola e tempo-comunidade)
IN_MATERIAL_PED_MULTIMIDIA;Instrumentos, materiais socioculturais e/ou pedagógicos em uso na escola para o desenvolvimento de atividades de ensino aprendizagem - Acervo multimídia
IN_MATERIAL_PED_INFANTIL;Instrumentos, materiais socioculturais e/ou pedagógicos em uso na escola para o desenvolvimento de atividades de ensino aprendizagem - Brinquedos para Educação Infantil
IN_MATERIAL_PED_CIENTIFICO;Instrumentos, materiais socioculturais e/ou pedagógicos em uso na escola para o desenvolvimento de atividades de ensino aprendizagem - Conjunto de materiais científicos
IN_MATERIAL_PED_DIFUSAO;Instrumentos, materiais socioculturais e/ou pedagógicos em uso na escola para o desenvolvimento de atividades de ensino aprendizagem - Equipamento para amplificação e difusão de som/áudio
IN_MATERIAL_PED_MUSICAL;Instrumentos, materiais socioculturais e/ou pedagógicos em uso na escola para o desenvolvimento de atividades de ensino aprendizagem - Instrumentos musicais para conjunto, banda/fanfarra e/ou aulas de música
IN_MATERIAL_PED_JOGOS;Instrumentos, materiais socioculturais e/ou pedagógicos em uso na escola para o desenvolvimento de atividades de ensino aprendizagem - Jogos Educativos
IN_MATERIAL_PED_ARTISTICAS;Instrumentos, materiais socioculturais e/ou pedagógicos em uso na escola para o desenvolvimento de atividades de ensino aprendizagem - Materiais para atividades culturais e artísticas
IN_MATERIAL_PED_DESPORTIVA;Instrumentos, materiais socioculturais e/ou pedagógicos em uso na escola para o desenvolvimento de atividades de ensino aprendizagem - Materiais para prática desportiva e recreação
IN_MATERIAL_PED_INDIGENA;Instrumentos, materiais socioculturais e/ou pedagógicos em uso na escola para o desenvolvimento de atividades de ensino aprendizagem - Indígena
IN_MATERIAL_PED_ETNICO;Instrumentos, materiais socioculturais e/ou pedagógicos em uso na escola para o desenvolvimento de atividades de ensino aprendizagem - Materiais pedagógicos para a educação das Relações Étnicos Raciais
IN_MATERIAL_PED_CAMPO;Instrumentos, materiais socioculturais e/ou pedagógicos em uso na escola para o desenvolvimento de atividades de ensino aprendizagem - Materiais pedagógicos para a educação do campo
IN_MATERIAL_PED_NENHUM;Instrumentos, materiais socioculturais e/ou pedagógicos em uso na escola para o desenvolvimento de atividades de ensino aprendizagem - Nenhum
IN_MATERIAL_ESP_QUILOMBOLA;Materiais didáticos específicos para atendimento à diversidade sociocultural - Quilombolas
IN_MATERIAL_ESP_INDIGENA;Materiais didáticos específicos para atendimento à diversidade sociocultural - Indígena
IN_MATERIAL_ESP_NAO_UTILIZA;Materiais didáticos específicos para atendimento à diversidade sociocultural - Não utiliza
IN_EDUCACAO_INDIGENA;Educação Escolar Indígena
TP_INDIGENA_LINGUA;Educação Indígena - Língua em que o ensino é ministrado
CO_LINGUA_INDIGENA_1;Educação Indígena - Língua em que o ensino é ministrado - Língua Indígena - Código da língua Indígena 1
CO_LINGUA_INDIGENA_2;Educação Indígena - Língua em que o ensino é ministrado - Língua Indígena - Código da língua Indígena 2
CO_LINGUA_INDIGENA_3;Educação Indígena - Língua em que o ensino é ministrado - Língua Indígena - Código da língua Indígena 3
IN_BRASIL_ALFABETIZADO;Escola cede espaço para turmas do Programa Brasil Alfabetizado
IN_FINAL_SEMANA;Escola abre aos finais de semana para a comunidade
IN_EXAME_SELECAO;A escola faz exame de seleção para ingresso de seus alunos (Avaliação por prova e/ou análise curricular)
IN_RESERVA_PPI;Reserva de vagas por sistema de cotas para grupos específicos de alunos - Autodeclarado preto, pardo ou indígena (PPI)
IN_RESERVA_RENDA;Reserva de vagas por sistema de cotas para grupos específicos de alunos - Condição de Renda
IN_RESERVA_PUBLICA;Reserva de vagas por sistema de cotas para grupos específicos de alunos - Oriundo de escola pública
IN_RESERVA_PCD;Reserva de vagas por sistema de cotas para grupos específicos de alunos - Pessoa com deficiência (PCD)
IN_RESERVA_OUTROS;Reserva de vagas por sistema de cotas para grupos específicos de alunos - Outros grupos
IN_RESERVA_NENHUMA;Reserva de vagas por sistema de cotas para grupos específicos de alunos - Sem reservas de vagas para sistema de cotas (ampla concorrência)
IN_REDES_SOCIAIS;A escola possui site ou blog ou página em redes sociais para comunicação institucional
IN_ESPACO_ATIVIDADE;A escola compartilha espaços para atividades de integração escola-comunidade
IN_ESPACO_EQUIPAMENTO;A escola usa espaços e equipamentos do entorno escolar para atividades regulares com os alunos
IN_ORGAO_ASS_PAIS;Órgãos colegiados em funcionamento na escola - Associação de Pais
IN_ORGAO_ASS_PAIS_MESTRES;Órgãos colegiados em funcionamento na escola - Associação de Pais e Mestres
IN_ORGAO_CONSELHO_ESCOLAR;Órgãos colegiados em funcionamento na escola - Conselho Escolar
IN_ORGAO_GREMIO_ESTUDANTIL;Órgãos colegiados em funcionamento na escola - Grêmio Estudantil
IN_ORGAO_OUTROS;Órgãos colegiados em funcionamento na escola - Outros
IN_ORGAO_NENHUM;Órgãos colegiados em funcionamento na escola - Não há órgãos colegiados em funcionamento
TP_PROPOSTA_PEDAGOGICA;Projeto político pedagógico ou a proposta pedagógica da escola (conforme art. 12 da LDB) atualizado nos últimos 12 meses até a data de referência
TP_AEE;Atendimento Educacional Especializado (AEE)
TP_ATIVIDADE_COMPLEMENTAR;Atividade Complementar
IN_MEDIACAO_PRESENCIAL;Mediação didático-pedagógica oferecida pela escola - Presencial
IN_MEDIACAO_SEMIPRESENCIAL;Mediação didático-pedagógica oferecida pela escola - Semipresencial
IN_MEDIACAO_EAD;Mediação didático-pedagógica oferecida pela escola - Educação a Distância - EAD
IN_REGULAR;Modo, maneira ou metodologia de ensino correspondente às turmas com etapas de escolarização consecutivas, Creche ao Ensino Médio
IN_DIURNO;Turno - Diurno - Horário de início da turma de escolarização entre 05h e 16h
IN_NOTURNO;Turno - Noturno - Turno de início da turma de escolarização entre 17h e 04h
IN_EAD;Turno Não aplicável para turmas semipresenciais ou educação a distância (EAD)
IN_BAS;Educação Básica (Possui uma ou mais matrículas)
IN_INF;Etapa de Ensino - Educação Infantil (Possui uma ou mais matrículas)
IN_INF_CRE;Etapa de Ensino - Educação Infantil - Creche (Possui uma ou mais matrículas)
IN_INF_PRE;Etapa de Ensino - Educação Infantil - Pré-Escola (Possui uma ou mais matrículas)
IN_FUND;Etapa de Ensino - Ensino Fundamental (Possui uma ou mais matrículas)
IN_FUND_AI;Etapa de Ensino - Ensino Fundamental - Anos Iniciais (Possui uma ou mais matrículas)
IN_FUND_AF;Etapa de Ensino - Ensino Fundamental - Anos Finais (Possui uma ou mais matrículas)
IN_MED;Etapa de Ensino - Ensino Médio (Possui uma ou mais matrículas)
IN_PROF;"Etapa de Ensino - Educação Profissional - Modo profissionalizante de ensino correspondente às turmas de cursos de formação inicial e continuada ou de qualificação profissional (Cursos FIC) articulados à EJA ou concomitantes; ou de cursos técnicos de nível médio nas formas articulada (integrada ou concomitante) ou subsequente ao ensino médio e de normal/magistério (Possui uma ou mais matrículas)"
IN_PROF_TEC;Etapa de Ensino - Educação Profissional Técnica - Modo profissionalizante de ensino correspondente às turmas de cursos técnicos de nível médio nas formas articuladas (integrada ou concomitante), ou subsequente ao ensino médio e de normal/magistério (Possui uma ou mais matrículas)
IN_EJA;Etapa de Ensino - Educação de Jovens e Adultos (EJA) - Modo, maneira ou metodologia de ensino correspondente às turmas destinadas a pessoas que não cursaram o ensino fundamental e/ou médio em idade própria (Possui uma ou mais matrículas)
IN_EJA_FUND; Educação de Jovens e Adultos (EJA) - Ensino Fundamental  (Possui uma ou mais matrículas)
IN_EJA_MED;Educação de Jovens e Adultos (EJA) - Ensino Médio (Possui uma ou mais matrículas)
IN_ESP;Etapa de Ensino -  Educação Especial - Escola exclusivamente especializada para o atendimento de alunos com deficiência, transtorno global do desenvolvimento ou altas habilidades/superdotação e/ou escolas de Ensino Regular ou EJA que possui classe especial exclusiva para o atendimento desses alunos (Possui uma ou mais matrículas)
IN_ESP_CC;Etapa de Ensino - Educação Especial Classe Comum - Escola possui um ou mais alunos com deficiência, transtorno global do desenvolvimento ou altas habilidades/superdotação estudando em classes comuns do Ensino Regular e/ou Educação de Jovens e Adultos (Possui uma ou mais matrículas)
IN_ESP_CE;Etapa de Ensino - Educação Especial Classe Exclusiva - Escola exclusivamente especializada e/ou que possui classe especial exclusiva para o atendimento de alunos com deficiência, transtorno global do desenvolvimento ou altas habilidades/superdotação (Possui uma ou mais matrículas)
QT_MAT_BAS;Número de Matrículas na Educação Básica
QT_MAT_INF;Número de Matrículas na Educação Infantil
QT_MAT_INF_CRE;Número de Matrículas na Educação Infantil - Creche
QT_MAT_INF_PRE;Número de Matrículas na Educação Infantil - Pré-Escola
QT_MAT_FUND;Número de Matrículas no Ensino Fundamental
QT_MAT_FUND_AI;Número de Matrículas no Ensino Fundamental - Anos Iniciais
QT_MAT_FUND_AF;Número de Matrículas no Ensino Fundamental - Anos Finais
QT_MAT_MED;Número de Matrículas no Ensino Médio
QT_MAT_PROF;Número de Matrículas na Educação Profissional
QT_MAT_PROF_TEC;Número de Matrículas na Educação Profissional Técnica - Modo profissionalizante de ensino correspondente às turmas de cursos técnicos de nível médio nas formas articuladas (integrada ou concomitante), ou subsequente ao ensino médio e de normal/magistério
QT_MAT_EJA;Número de Matrículas na Educação de Jovens e Adultos (EJA)
QT_MAT_EJA_FUND;Número de Matrículas na Educação de Jovens e Adultos (EJA) - Ensino Fundamental
QT_MAT_EJA_MED;Número de Matrículas na Educação de Jovens e Adultos (EJA) - Ensino Médio
QT_MAT_ESP;Número de Matrículas na Educação Especial
QT_MAT_ESP_CC;Número de Matrículas na Educação Especial Inclusiva
QT_MAT_ESP_CE;Número de Matrículas na Educação Especial Exclusiva
QT_MAT_BAS_FEM;Número de Matrículas na Educação Básica - Feminino
QT_MAT_BAS_MASC;Número de Matrículas na Educação Básica - Masculino
QT_MAT_BAS_ND;Número de Matrículas na Educação Básica - Cor/Raça Não Declarada
QT_MAT_BAS_BRANCA;Número de Matrículas na Educação Básica - Cor/Raça Branca
QT_MAT_BAS_PRETA;Número de Matrículas na Educação Básica - Cor/Raça Preta
QT_MAT_BAS_PARDA;Número de Matrículas na Educação Básica - Cor/Raça Parda
QT_MAT_BAS_AMARELA;Número de Matrículas na Educação Básica - Cor/Raça Amarela
QT_MAT_BAS_INDIGENA;Número de Matrículas na Educação Básica - Cor/Raça Indígena
QT_MAT_BAS_0_3;Número de Matrículas na Educação Básica - Até 3 anos de idade
QT_MAT_BAS_4_5;Número de Matrículas na Educação Básica - Entre 4 e 5 anos de idade
QT_MAT_BAS_6_10;Número de Matrículas na Educação Básica - Entre 6 e 10 anos de idade
QT_MAT_BAS_11_14;Número de Matrículas na Educação Básica - Entre 11 e 14 anos de idade
QT_MAT_BAS_15_17;Número de Matrículas na Educação Básica - Entre 15 e 17 anos de idade
QT_MAT_BAS_18_MAIS;Número de Matrículas na Educação Básica - Com 18 ou mais anos de idade
QT_MAT_BAS_D;Número de Matrículas na Educação Básica - Turno Diurno
QT_MAT_BAS_N;Número de Matrículas na Educação Básica - Turno Noturno
QT_MAT_BAS_EAD;Número de Matrículas na Educação Básica - A Distância
QT_MAT_INF_INT;Número de Matrículas na Educação Infantil - Tempo Integral
QT_MAT_INF_CRE_INT;Número de Matrículas na Educação Infantil - Creche - Tempo Integral
QT_MAT_INF_PRE_INT;Número de Matrículas na Educação Infantil - Pré-Escola - Tempo Integral
QT_MAT_FUND_INT;Número de Matrículas no Ensino Fundamental - Tempo Integral
QT_MAT_FUND_AI_INT;Número de Matrículas no Ensino Fundamental - Anos Iniciais - Tempo Integral
QT_MAT_FUND_AF_INT;Número de Matrículas no Ensino Fundamental - Anos Finais - Tempo Integral
QT_MAT_MED_INT;Número de Matrículas no Ensino Médio - Tempo Integral
QT_DOC_BAS;Número de Docentes da Educação Básica
QT_DOC_INF;Número de Docentes da Educação Infantil
QT_DOC_INF_CRE;Número de Docentes da Educação Infantil - Creche
QT_DOC_INF_PRE;Número de Docentes da Educação Infantil - Pré-Escola
QT_DOC_FUND;Número de Docentes do Ensino Fundamental
QT_DOC_FUND_AI;Número de Docentes do Ensino Fundamental - Anos Iniciais
QT_DOC_FUND_AF;Número de Docentes do Ensino Fundamental - Anos Finais
QT_DOC_MED;Número de Docentes do Ensino Médio
QT_DOC_PROF;Número de Docentes da Educação Profissional
QT_DOC_PROF_TEC;Número de Docentes da Educação Profissional Técnica
QT_DOC_EJA;Número de Docentes da Educação de Jovens e Adultos (EJA)
QT_DOC_EJA_FUND;Número de Docentes da Educação de Jovens e Adultos (EJA) - Ensino Fundamental
QT_DOC_EJA_MED;Número de Docentes da Educação de Jovens e Adultos (EJA) - Ensino Médio
QT_DOC_ESP;Número de Docentes da Educação Especial
QT_DOC_ESP_CC;Número de Docentes da Educação Especial Inclusiva
QT_DOC_ESP_CE;Número de Docentes da Educação Especial Exclusiva
QT_TUR_BAS;Número de Turmas de Educação Básica
QT_TUR_INF;Número de Turmas de Educação Infantil
QT_TUR_INF_CRE;Número de Turmas de Educação Infantil - Creche
QT_TUR_INF_PRE;Número de Turmas de Educação Infantil - Pré-Escola
QT_TUR_FUND;Número de Turmas de Ensino Fundamental
QT_TUR_FUND_AI;Número de Turmas de Ensino Fundamental - Anos Iniciais
QT_TUR_FUND_AF;Número de Turmas de Ensino Fundamental - Anos Finais
QT_TUR_MED;Número de Turmas de Ensino Médio
QT_TUR_PROF;Número de Turmas de Educação Profissional
QT_TUR_PROF_TEC;Número de Turmas de Educação Profissional Técnica
QT_TUR_EJA;Número de Turmas de Educação de Jovens e Adultos (EJA)
QT_TUR_EJA_FUND;Número de Turmas de Educação de Jovens e Adultos (EJA) - Ensino Fundamental
QT_TUR_EJA_MED;Número de Turmas de Educação de Jovens e Adultos (EJA) - Ensino Médio
QT_TUR_ESP;Número de Turmas de Educação Especial
QT_TUR_ESP_CC;Número de Turmas de Educação Especial Inclusiva
QT_TUR_ESP_CE;Número de Turmas de Educação Especial Exclusiva
